{
  "best_individual": {
    "coords": [
      [0.007850184948884755, 0.035],
      [0.12284221537899326, 0.035],
      [0.2675833848515535, 0.035],
      [0.3395700160100816, 0.035],
      [0.007850184948884755, 0.075],
      [0.12284221537899326, 0.075],
      [0.2675833848515535, 0.075],
      [0.3395700160100816, 0.075]
    ]
  },
  "best_fitness": 0.30924323422068106,
  "performance": [
    { "generation": 1, "fitness": 0.2826019299210892 },
    { "generation": 10, "fitness": 0.30924323422068106 },
    { "generation": 16, "fitness": 0.30924323422068106 }
  ],
  "params": {
    "population_size": 25,
    "differential_weight": 0.7,
    "crossover_rate": 0.8
  }
}
